URL,Name,Last_Post_ID
https://www.linkedin.com/company/tesla-motors,Tesla
https://www.linkedin.com/company/microsoft,Microsoft
https://www.linkedin.com/company/google,Google
https://www.linkedin.com/company/federation-des-cpts/posts/?feedView=all,Federation des CPTS
https://www.linkedin.com/company/cpts-chamb%C3%A9ry-agglo/posts/?feedView=all,Chambery Agglo
https://www.linkedin.com/company/cpts-du-sud-toulousain/posts/?feedView=all,CPTS Sud Toulousain
https://www.linkedin.com/company/cpts-du-bassin-carcassonnais/,CPTS Carcassone
https://www.linkedin.com/in/cpts-plaine-d-oise-a7a243304/,CPTS Plaine d Oise
https://www.linkedin.com/in/cpts-sud-hurepoix-6768752a8/,CPTS Sud Hurepoix
https://www.linkedin.com/in/cpts-sextant76/,CPTS Sextant
